[
    {
        "Product Name": "realme NARZO N61 (Voyage Blue,6GB RAM+128GB Storage) 90Hz Eye Comfort Display | IP54 Dust & Water Resistance | 48-Month Fluency | Charger in The Box",
        "Price": "8,498",
        "Rating": "4.0 out of 5 stars",
        "Link": "https://amazon.in/realme-Storage-Comfort-Resistance-48-Month/dp/B0D947DTLT"
    },
    {
        "Product Name": "Redmi A4 5G (Sparkle Purple, 4GB RAM, 128GB Storage) | Global Debut SD 4s Gen 2 | Segment Largest 6.88in 120Hz | 50MP Dual Camera | 18W Fast Charging",
        "Price": "9,498",
        "Rating": "4.3 out of 5 stars",
        "Link": "https://amazon.in/Redmi-Sparkle-Storage-Segment-Charging/dp/B0DLW44CGS"
    },
    {
        "Product Name": "Redmi A4 5G (Sparkle Purple, 4GB RAM, 64GB Storage) | Global Debut SD 4s Gen 2 | Segment Largest 6.88in 120Hz | 50MP Dual Camera | 18W Fast Charging",
        "Price": "8,498",
        "Rating": "4.3 out of 5 stars",
        "Link": "https://amazon.in/Redmi-Sparkle-Storage-Segment-Charging/dp/B0DLW427YG"
    },
    {
        "Product Name": "Redmi 13C 5G (Starlight Black, 4GB RAM, 128GB Storage) | MediaTek Dimensity 6100+ 5G | 90Hz Display",
        "Price": "9,099",
        "Rating": "3.9 out of 5 stars",
        "Link": "https://amazon.in/Redmi-Starlight-Storage-MediaTek-Dimensity/dp/B0CNX89QR8"
    },
    {
        "Product Name": "iQOO Z9 Lite 5G (Mocha Brown, 6GB RAM, 128GB Storage) | Dimensity 6300 5G | 50MP Sony AI Camera | Charger in The Box",
        "Price": "11,499",
        "Rating": "4.0 out of 5 stars",
        "Link": "https://amazon.in/iQOO-Storage-Dimensity-Camera-Charger/dp/B07WHQS4LB"
    },
    {
        "Product Name": "OnePlus Nord CE4 Lite 5G (Super Silver, 8GB RAM, 128GB Storage)",
        "Price": "17,999",
        "Rating": "4.1 out of 5 stars",
        "Link": "https://amazon.in/OnePlus-Super-Silver-128GB-Storage/dp/B0D5YCYS1G"
    },
    {
        "Product Name": "realme NARZO N61 (Marble Black, 4GB RAM+64GB Storage) 90Hz Eye Comfort Display | IP54 Dust & Water Resistance | 48-Month Fluency | Charger in The Box",
        "Price": "7,498",
        "Rating": "4.0 out of 5 stars",
        "Link": "https://amazon.in/realme-Storage-Comfort-Resistance-48-Month/dp/B0D9455CRW"
    },
    {
        "Product Name": "realme NARZO N61 (Marble Black,6GB RAM+128GB Storage) 90Hz Eye Comfort Display | IP54 Dust & Water Resistance | 48-Month Fluency | Charger in The Box",
        "Price": "8,498",
        "Rating": "4.0 out of 5 stars",
        "Link": "https://amazon.in/realme-Storage-Comfort-Resistance-48-Month/dp/B0D9482G3M"
    },
    {
        "Product Name": "Redmi A4 5G (Starry Black, 4GB RAM, 64GB Storage) | Global Debut SD 4s Gen 2 | Segment Largest 6.88in 120Hz | 50MP Dual Camera | 18W Fast Charging",
        "Price": "8,498",
        "Rating": "4.3 out of 5 stars",
        "Link": "https://amazon.in/Redmi-Storage-Segment-Largest-Charging/dp/B0DLW1L5PR"
    },
    {
        "Product Name": "Samsung Galaxy M05 (Mint Green, 4GB RAM, 64 GB Storage) | 50MP Dual Camera | Bigger 6.7\" HD+ Display | 5000mAh Battery | 25W Fast Charging | 2 Gen OS Upgrade & 4 Year Security Update | Without Charger",
        "Price": "6,999",
        "Rating": "3.9 out of 5 stars",
        "Link": "https://amazon.in/Samsung-Storage-Display-Charging-Security/dp/B0DFY3XCB6"
    },
    {
        "Product Name": "OnePlus Nord CE 3 Lite 5G (Chromatic Gray, 8GB RAM, 128GB Storage)",
        "Price": "15,535",
        "Rating": "4.2 out of 5 stars",
        "Link": "https://amazon.in/OnePlus-Nord-Chromatic-128GB-Storage/dp/B0BY8MCQ9S"
    },
    {
        "Product Name": "iQOO Z9 Lite 5G (Aqua Flow, 6GB RAM, 128GB Storage) | Dimensity 6300 5G | 50MP Sony AI Camera | Charger in The Box",
        "Price": "11,499",
        "Rating": "4.0 out of 5 stars",
        "Link": "https://amazon.in/iQOO-Storage-Dimensity-Camera-Charger/dp/B07WHSNYL5"
    },
    {
        "Product Name": "Samsung Galaxy M15 5G Prime Edition (Blue Topaz,6GB RAM,128GB Storage) | Super AMOLED Display| 50MP Triple Cam| 6000mAh Battery| MediaTek Dimensity 6100+ | 4 Gen. OS Upgrade & 5 Year Security Update",
        "Price": "12,999",
        "Rating": "3.9 out of 5 stars",
        "Link": "https://amazon.in/Samsung-Storage-MediaTek-Dimensity-Security/dp/B0DGX9VVFV"
    },
    {
        "Product Name": "POCO C61 Mystical Green 4GB RAM 64GB ROM",
        "Price": "5,999",
        "Rating": "3.6 out of 5 stars",
        "Link": "https://amazon.in/POCO-C61-Mystical-Green-64GB/dp/B0CYBKWQ2V"
    },
    {
        "Product Name": "POCO M6 Plus 5G Ice Silver 6GB RAM 128GB ROM",
        "Price": "10,999",
        "Rating": "3.9 out of 5 stars",
        "Link": "https://amazon.in/POCO-Plus-Ice-Silver-128GB/dp/B0DF7HWHD4"
    },
    {
        "Product Name": "realme NARZO 70x 5G (Ice Blue, 6GB RAM,128GB Storage)|120Hz Ultra Smooth Display|Dimensity 6100+ 6nm 5G|50MP AI Camera|45W Charger in The Box",
        "Price": "12,998",
        "Rating": "4.1 out of 5 stars",
        "Link": "https://amazon.in/realme-Storage-Display-Dimensity-Charger/dp/B0CZS3B3PY"
    }
]